hour,wind_speed_kmh,solar_irradiance_wm2,cloud_cover_pct,temperature_c
0,17.2,0.0,22.2,18
1,13.8,0.0,24.6,18
2,12.7,0.0,25.2,18
3,12.8,0.0,18.1,18
4,12.2,0.0,10.7,18
5,9.0,0.0,3.8,18
6,11.6,0.0,2.6,18
7,9.4,226.1,0,20.6
8,12.9,458.4,2.0,23.0
9,12.1,664.0,3.3,25.1
10,8.5,774.6,10.9,26.7
11,6.8,826.5,16.6,27.7
12,3.8,907.0,10.9,28.0
13,6.3,898.2,7.9,27.7
14,6.9,833.6,2.8,26.7
15,5.9,654.1,5.0,25.1
16,2.4,443.7,5.8,23.0
17,0.1,226.1,0,20.6
18,0,0.0,2.9,18.0
19,0.7,0.0,0,18
20,0,0.0,0,18
21,1.6,0.0,4.7,18
22,2.2,0.0,0.6,18
23,5.2,0.0,1.0,18
0,3.5,0.0,4.7,18
1,0.4,0.0,12.4,18
2,2.5,0.0,11.1,18
3,2.4,0.0,5.5,18
4,3.8,0.0,0,18
5,4.3,0.0,4.2,18
6,2.8,0.0,10.2,18
7,3.6,200.4,13.4,20.6
8,3.2,408.4,14.6,23.0
9,6.8,566.4,20.1,25.1
10,8.1,710.9,19.7,26.7
11,9.7,859.2,12.6,27.7
12,13.7,872.6,15.0,28.0
13,12.0,797.8,20.1,27.7
14,13.3,720.7,18.3,26.7
15,13.0,621.0,10.7,25.1
16,9.9,445.2,5.4,23.0
17,12.1,226.1,0,20.6
18,10.1,0.0,0,18.0
19,13.0,0.0,0,18
20,12.6,0.0,0,18
21,15.7,0.0,0.8,18
22,18.6,0.0,5.9,18
23,17.9,0.0,2.4,18
0,21.0,0.0,0.1,18
1,18.2,0.0,7.4,18
2,16.1,0.0,2.2,18
3,15.9,0.0,0,18
4,14.0,0.0,1.4,18
5,13.4,0.0,0,18
6,13.9,0.0,0,18
7,15.5,212.2,7.2,20.6
8,16.4,436.8,7.5,23.0
9,12.8,623.1,10.3,25.1
10,15.1,732.4,16.7,26.7
11,17.4,776.8,22.7,27.7
12,16.6,821.7,21.0,28.0
13,17.7,842.8,14.6,27.7
14,14.3,798.3,7.6,26.7
15,11.5,665.8,3.0,25.1
16,8.0,464.9,0.4,23.0
17,5.2,226.1,0,20.6
18,4.1,0.0,0,18.0
19,7.1,0.0,0,18
20,4.3,0.0,1.8,18
21,3.1,0.0,0,18
22,0.0,0.0,0,18
23,4.0,0.0,5.6,18
